,track - artist,views
0,"Seven (feat. Latto) (Explicit Ver.) Latto, Jung Kook",141381703
1,LALA Myke Towers,133716286
2,vampire Olivia Rodrigo,140003974
3,Cruel Summer Taylor Swift,800840817
4,WHERE SHE GOES Bad Bunny,303236322
5,"Sprinter Dave, Central Cee",183706234
6,"Ella Baila Sola Eslabon Armado, Peso Pluma",725980112
7,Columbia Quevedo,58149378
8,fukumean Gunna,95217315
9,"La Bebe - Remix Peso Pluma, Yng Lvcas",553634067
10,"un x100to Bad Bunny, Grupo Frontera",505671438
11,Super Shy NewJeans,58255150
12,Flowers Miley Cyrus,1316855716
13,Daylight David Kushner,387570742
14,As It Was Harry Styles,2513188493
15,Kill Bill SZA,1163093654
16,Cupid - Twin Ver. Fifty Fifty,496795686
17,"What Was I Made For? [From The Motion Picture ""Barbie""] Billie Eilish",30546883
18,"Classy 101 Feid, Young Miko",335222234
19,Like Crazy Jimin,363369738
20,"LADY GAGA Gabito Ballesteros, Junior H, Peso Pluma",86444842
21,I Can See You (Taylorï¿½ï¿½ï¿½s Version) (From The  Taylor Swift,52135248
22,I Wanna Be Yours Arctic Monkeys,1297026226
23,"Peso Pluma: Bzrp Music Sessions, Vol. 55 Bizarrap, Peso Pluma",200647221
24,"Popular (with Playboi Carti & Madonna) - The Idol Vol. 1 (Music from the HBO Original Series) The Weeknd, Madonna, Playboi Carti",115364561
25,SABOR FRESA Fuerza Regida,78300654
26,"Calm Down (with Selena Gomez) Rï¿½ï¿½ma, Selena G",899183384
27,"MOJABI GHOST Tainy, Bad Bunny",61245289
28,Last Night Morgan Wallen,429829812
29,Dance The Night (From Barbie The Album) Dua Lipa,127408954
30,Rush Troye Sivan,22581161
31,"TULUM Peso Pluma, Grupo Frontera",52294266
32,"Creepin' The Weeknd, 21 Savage, Metro Boomin",843957510
33,Anti-Hero Taylor Swift,999748277
34,"TQG Karol G, Shakira",618990393
35,"Los del Espacio Big One, Duki, Lit Killah, Maria Becerra, FMK, Rusherking, Emilia, Tiago pzk",123122413
36,"Frï¿½ï¿½gil (feat. Grupo Front Yahritza Y Su Esencia, Grupo Frontera",188933502
37,Blank Space Taylor Swift,1355959075
38,Style Taylor Swift,786181836
39,TQM Fuerza Regida,176553476
40,"El Azul Junior H, Peso Pluma",354495408
41,"Sunflower - Spider-Man: Into the Spider-Verse Post Malone, Swae Lee",2808096550
42,"I'm Good (Blue) Bebe Rexha, David Guetta",1109433169
43,"See You Again Tyler, The Creator, Kali Uchis",1047101291
44,"Barbie World (with Aqua) [From Barbie The Album] Nicki Minaj, Aqua, Ice Spice",65156199
45,Angels Like You Miley Cyrus,570515054
46,I Ain't Worried OneRepublic,1085685420
47,Die For You The Weeknd,1647990401
48,"Starboy The Weeknd, Daft Punk",2565529693
49,"Die For You - Remix Ariana Grande, The Weeknd",518745108
50,"El Cielo Feid, Myke Towers, Sky Rompiendo",107753850
51,"Baby Don't Hurt Me David Guetta, Anne-Marie, Coi Leray",177740666
52,AMARGURA Karol G,153372011
53,(It Goes Like) Nanana - Edit Peggy Gou,57876440
54,Another Love Tom Odell,1813673666
55,Blinding Lights The Weeknd,3703895074
56,Moonlight Kali Uchis,256483385
57,La Bachata Manuel Turizo,1214083358
58,S91 Karol G,16011326
59,cardigan Taylor Swift,812019557
60,"Tï¿½ï¿ dennis, MC Kevin o Chris",111947664
61,"Boy's a liar Pt. 2 PinkPantheress, Ice Spice",156338624
62,"Left and Right (Feat. Jung Kook of BTS) Charlie Puth, BTS, Jung Kook",720434240
63,"BESO Rauw Alejandro, ROSALï¿½",357925728
64,"Hey Mor Ozuna, Feid",674072710
65,Yellow Chris Molitor,1755214421
66,Karma Taylor Swift,404562836
67,People Libianca,373199958
68,Overdrive Post Malone,14780425
69,Enchanted (Taylor's Version) Taylor Swift,39578178
70,"BABY HELLO Rauw Alejandro, Bizarrap",54266102
71,Heat Waves Glass Animals,2557975762
72,golden hour JVKE,751134527
73,Sweater Weather The Neighbourhood,2282771485
74,"Quevedo: Bzrp Music Sessions, Vol. 52 Bizarrap, Quevedo",1356565093
75,Viva La Vida Coldplay,1592909789
76,Here With Me d4vd,635412045
77,"Unholy (feat. Kim Petras) Sam Smith, Kim Petras",1230675890
78,"Yandel 150 Yandel, Feid",585695368
79,CORAZï¿½ï¿½N VA Maria Becerra,43857627
80,Riptide Vance Joy,2009094673
81,"Until I Found You (with Em Beihold) - Em Beihold Version Em Beihold, Stephen Sanchez",600976848
82,"Novidade na ï¿½ï¿ Mc Livinho, DJ Matt D",39709092
83,Back To December (Taylor's Version) Taylor Swift,39228929
84,"STAY (with Justin Bieber) Justin Bieber, The Kid Laroi",2665343922
85,"El Merengue Marshmello, Manuel Turizo",223633238
86,Someone You Loved Lewis Capaldi,2887241814
87,"Me Porto Bonito Chencho Corleone, Bad Bunny",1440757818
88,Makeba Jain,165484133
89,"MONTAGEM - FR PUNK Ayparia, unxbected",58054811
90,Fast Car Luke Combs,157058870
91,What It Is (Solo Version) Doechii,95131998
92,"Coco Chanel Bad Bunny, Eladio Carrion",250305248
93,Donï¿½ï¿½ï¿½t Bl Taylor Swift,685032533
94,Still With You Jung Kook,38411956
95,"All My Life (feat. J. Cole) J. Cole, Lil Durk",144565150
96,Say Yes To Heaven Lana Del Rey,127567540
97,Snooze SZA,399686758
98,Summertime Sadness Lana Del Rey,983637508
99,Take Two BTS,118482347
100,Lover Taylor Swift,882831184
101,"Too Many Nights (feat. Don Toliver & with Future) Future, Metro Boomin, Don Toliver",286400165
102,Chemical Post Malone,172825906
103,Mockingbird Eminem,1241559043
104,New Jeans NewJeans,29562220
105,Primera Cita Carin Leon,77309611
106,"Cold Heart - PNAU Remix Dua Lipa, Elton John, Pnau",1605224506
107,Dandelions Ruth B.,1116995633
108,Bones Imagine Dragons,838079900
109,Set Fire to the Rain Adele,1163620694
110,"Money Trees Kendrick Lamar, Jay Rock",1093605526
111,Tak Segampang Itu Anggi Marito,179659294
112,"LAGUNAS Jasiel Nuï¿½ï¿½ez, Peso P",39058561
113,Mine (Taylor's Version) Taylor Swift,36912123
114,Everybody Wants To Rule The World Tears For Fears,1205951614
115,No Role Modelz J. Cole,1791000570
116,Tattoo Loreen,201660859
117,"Rara Vez Taiu, Milo j",248088961
118,"VAGABUNDO Sebastian Yatra, Manuel Turizo, Beï¿½ï",90839753
119,august Taylor Swift,607123776
120,"LUNA Junior H, Peso Pluma",55842345
121,"Miracle (with Ellie Goulding) Calvin Harris, Ellie Goulding",211050784
122,Nonsense Sabrina Carpenter,342897938
123,"Que Vuelvas Carin Leon, Grupo Frontera",2762
124,Por las Noches Peso Pluma,330346424
125,Feliz Cumpleaï¿½ï¿½os Fe Feid,601863821
126,"Can't Hold Us (feat. Ray Dalton) Ray Dalton, Ryan Lewis, Macklemore",1953533826
127,Watermelon Sugar Harry Styles,2322580122
128,"lovely - Bonus Track Billie Eilish, Khalid",2355719893
129,"Rauw Alejandro: Bzrp Music Sessions, Vol. 56 Rauw Alejandro, Bizarrap",66902503
130,Queencard (G)I-DLE,96273746
131,OMG NewJeans,430977451
132,Radio Lana Del Rey,284819874
133,"Shakira: Bzrp Music Sessions, Vol. 53 Shakira, Bizarrap",721975598
134,505 Arctic Monkeys,1217120710
135,"Calling (Spider-Man: Across the Spider-Verse) (Metro Boomin & Swae Lee, NAV, feat. A Boogie Wit da Hoodie) Swae Lee, A Boogie Wit da Hoodie, Metro Boomin, NAV",109276132
136,"Trance (with Travis Scott & Young Thug) Travis Scott, Young Thug, Metro Boomin",276259178
137,"Tere Vaaste (From ""Zara Hatke Zara Bachke"") Sachin-Jigar, Shadab Faridi, Altamash Faridi, Amitabh Bhattacharya, Varun Jain",54225632
138,Perfect Ed Sheeran,2559529074
139,Romantic Homicide d4vd,681583126
140,Believer Imagine Dragons,2594040133
141,"Novo Balanï¿½ Veigh, Bvga Beatz, Supernova Ent, Prod Malax",81102253
142,"Gol Bolinha, Gol Quadrado 2 Mc Pedrinho, DJ 900",11956641
143,Without Me Eminem,1687664027
144,"QUEMA Sog, Ryan Castro, Peso Pluma",11599388
145,"Stargirl Interlude The Weeknd, Lana Del Rey",611700552
146,"Ojitos Lindos Bomba Estï¿½ï¿½reo, Bad B",1133865788
147,Somewhere Only We Know Keane,1089402494
148,Those Eyes New West,411747614
149,El Gordo Trae El Mando Chino Pacas,255932395
150,Mi Bello Angel Natanael Cano,31873544
151,Bye Peso Pluma,95053634
152,"Danza Kuduro Don Omar, Lucenzo",1279434863
153,"Nosso Quadro Ana Castela, AgroPlay",233801632
154,Locked Out Of Heaven Bruno Mars,1481349984
155,"Un Finde | CROSSOVER #2 Big One, FMK, Ke personajes",142095275
156,"Jimmy Cooks (feat. 21 Savage) Drake, 21 Savage",618885532
157,Counting Stars OneRepublic,2011464183
158,Ghost Justin Bieber,1167330737
159,Under The Influence Chris Brown,929964809
160,"PRC Natanael Cano, Peso Pluma",436027885
161,Gasolina Daddy Yankee,657723613
162,"One Dance Drake, WizKid, Kyla",2713922350
163,Enchanted Taylor Swift,621660989
164,Save Your Tears The Weeknd,1591223784
165,Sure Thing Miguel,950906471
166,Every Breath You Take - Remastered 2003 The Police,1593270737
167,The Night We Met Lord Huron,1410088830
168,"We Found Love Rihanna, Calvin Harris",1235005533
169,When I Was Your Man Bruno Mars,1661187319
170,Let Me Down Slowly Alec Benjamin,1374581173
171,"Am I Dreaming (Metro Boomin & A$AP Rocky, Roisee) A$AP Rocky, Metro Boomin, Roisee",94186466
172,Do I Wanna Know? Arctic Monkeys,1788326445
173,Demons Imagine Dragons,1840364617
174,ýýýýýýýýýýýý YOASOBI,143573775
175,Reminder The Weeknd,684675814
176,Shake It Off Taylor Swift,1113838873
177,Why'd You Only Call Me When You're High? Arctic Monkeys,1267333350
178,SNAP Rosa Linn,726307468
179,Shape of You Ed Sheeran,3562543890
180,Night Changes One Direction,1131090940
181,"Fin de Semana Oscar Maydon, Junior H",307370144
182,Creep Radiohead,1271293243
183,Car's Outside James Arthur,265882712
184,Apocalypse Cigarettes After Sex,841749534
185,Cheques Shubh,47956378
186,Pink + White Frank Ocean,806397070
187,Circles Post Malone,2132335812
188,Just The Way You Are Bruno Mars,1641426668
189,Take Me To Church Hozier,2135158446
190,"Bebe Dame Fuerza Regida, Grupo Frontera",367316268
191,You Belong With Me (Taylorï¿½ï¿½ï¿½s Ve Taylor Swift,350381515
192,Titi Me Preguntï¿ Bad Bunny,1264310836
193,Better Than Revenge (Taylor's Version) Taylor Swift,30343206
194,Shut up My Moms Calling Hotel Ugly,405136812
195,Have You Ever Seen The Rain? Creedence Clearwater Revival,1145727611
196,Es un Secreto Plan B,540654286
197,"POLARIS - Remix Feid, Mora, Saiko, Quevedo",57312735
198,Ditto NewJeans,397582059
199,Take On Me a-ha,1479115056
200,"Annihilate (Spider-Man: Across the Spider-Verse) (Metro Boomin & Swae Lee, Lil Wayne, Offset) Swae Lee, Lil Wayne, Offset, Metro Boomin",86773632
201,"Angel Pt 1 (feat. Jimin of BTS, JVKE & Muni Long) Kodak Black, NLE Choppa, Muni Long, JVKE, Jimin",133753727
202,Acrï¿½ï¿½s Shakira,123124076
203,"AMG Natanael Cano, Gabito Ballesteros, Peso Pluma",463564958
204,"Phir Aur Kya Chahiye (From ""Zara Hatke Zara Bachke"") Arijit Singh, Sachin-Jigar, Amitabha Bhattacharya",64533040
205,S-Class Stray Kids,65496046
206,Hits Different Taylor Swift,68616963
207,"Chanel Becky G, Peso Pluma",161460990
208,"Self Love (Spider-Man: Across the Spider-Verse) (Metro Boomin & Coi Leray) Metro Boomin, Coi Leray",70106975
209,"Area Codes Kaliii, Kaliii",113509496
210,"Abcdario Junior H, Eden Muï¿½ï",89933133
211,"Obsessed Abhijay Sharma, Riar Saab",71007139
212,"Piï¿½ï¿½man Deï¿ Semicenk, Doï¿½ï¿½u ",43522589
213,FLOWER JISOO,232896922
214,"All The Way Live (Spider-Man: Across the Spider-Verse) (Metro Boomin & Future, Lil Uzi Vert) Future, Lil Uzi Vert, Metro Boomin",37126685
215,Eyes Closed Ed Sheeran,195576623
216,"Escapism. RAYE, 070 Shake",532336353
217,"La Jumpa Arcangel, Bad Bunny",538115192
218,"Karma (feat. Ice Spice) Taylor Swift, Ice Spice",46142772
219,"Superhero (Heroes & Villains) [with Future & Chris Brown] Future, Chris Brown, Metro Boomin",401036314
220,"Las Morras BLESSD, Peso Pluma",127026613
221,CHORRITO PA LAS ANIMAS Feid,345031710
222,"Ch y la Pizza Fuerza Regida, Natanael Cano",288101651
223,"Snow On The Beach (feat. More Lana Del Rey) Lana Del Rey, Taylor Swift",60350538
224,Players Coi Leray,335074782
225,Bite Me ENHYPEN,76767396
226,"Stand By Me (feat. Morgan Wallen) Lil Durk, Morgan Wallen",46065667
227,Normal Feid,459276435
228,"Hummingbird (Metro Boomin & James Blake) James Blake, Metro Boomin",39666245
229,"Seu Brilho Sumiu - Ao Vivo Israel & Rodolffo, Mari Fernandez",138517666
230,Bad Habit Steve Lacy,822633917
231,CUFF IT Beyoncï¿,595900742
232,"Lilith (feat. SUGA of BTS) (Diablo IV Anthem) Halsey, Suga",51985779
233,"69 Nicky Jam, Feid",57945987
234,"Niï¿½ï¿½a Bo Sean Paul, Feid",115010040
235,Search & Rescue Drake,175097833
236,"AMERICA HAS A PROBLEM (feat. Kendrick Lamar) Kendrick Lamar, Beyoncï¿",57089066
237,Lavender Haze Taylor Swift,488386797
238,"Link Up (Metro Boomin & Don Toliver, Wizkid feat. BEAM & Toian) - Spider-Verse Remix (Spider-Man: Across the Spider-Verse ) WizKid, Toian, Metro Boomin, Don Toliver, Beam",32761689
239,Efecto Bad Bunny,1047480053
240,Erro Gostoso - Ao Vivo Simone Mendes,153454328
241,Cupido Tini,217672943
242,Just Wanna Rock Lil Uzi Vert,457184829
243,Unstoppable Sia,939844851
244,Until I Found You Stephen Sanchez,726434358
245,"Rich Flex Drake, 21 Savage",573633020
246,Easy On Me Adele,1406111294
247,"Cartï¿½ï¿½o B MC Caverinha, KayBlack",71573339
248,"Danger (Spider) (Offset & JID) Offset, JID",24975653
249,Oi Balde - Ao Vivo Zï¿½ï¿½ Neto & Crist,145458418
250,The Real Slim Shady Eminem,1424589568
251,"MERCHO Migrantes, LiL CaKe, Nico Valdi",231332117
252,The Color Violet Tory Lanez,415932686
253,Glimpse of Us Joji,988515741
254,"Mejor Que Yo Mambo Kingz, DJ Luian, Anuel Aa",50847624
255,Curtains Ed Sheeran,39893489
256,"UNFORGIVEN (feat. Nile Rodgers) Nile Rodgers, LE SSERAFIM",92035115
257,Haegeum Agust D,118810253
258,"Conexï¿½ï¿½es de Mï¿½ï¿½fia (feat. Rich  Rich The Kid, Matuï¿",77233241
259,MIENTRAS ME CURO DEL CORA Karol G,206399629
260,Never Felt So Alone Labrinth,117747907
261,"X SI VOLVEMOS Karol G, Romeo Santos",266624541
262,ceilings Lizzy McAlpine,293186992
263,Cupid Fifty Fifty,139681964
264,I AM IVE,123132751
265,Cupid ï¿½ï¿½ï¿½ Twin Ver. (FIFTY FIFTY) ï¿½ï¿½ï¿½ Spe sped up 8282,103762518
266,"Shorty Party Cartel De Santa, La Kelly",162887075
267,Super SEVENTEEN,91221625
268,Slut Me Out NLE Choppa,190490915
269,"Double Fantasy (with Future) The Weeknd, Future",96180277
270,All Of The Girls You Loved Before Taylor Swift,185240616
271,PROVENZA Karol G,885093467
272,"Princess Diana (with Nicki Minaj) Nicki Minaj, Ice Spice",104992946
273,"Di Que Si Grupo Marca Registrada, Grupo Frontera",147290338
274,Shivers Ed Sheeran,1302184087
275,"Igualito a Mi Apï¿ Fuerza Regida, Peso Pluma",158950978
276,"Shoong! (feat. LISA of BLACKPINK) TAEYANG, Lisa",76910644
277,Komang Raim Laode,137123880
278,DESPECHï¿ ROSALï¿½,782369383
279,Made You Look Meghan Trainor,502574952
280,"Watch This - ARIZONATEARS Pluggnb Remix sped up nightcore, ARIZONATEARS, Lil Uzi Vert",207033255
281,No Se Va Grupo Frontera,404887295
282,Punto G Quevedo,381161027
283,Lovers Rock TV Girl,466231982
284,METAMORPHOSIS INTERWORLD,357580552
285,"Mami Chula Quevedo, Jhayco",61105704
286,"En Paris El Chachito, Junior H",198275403
287,Set Me Free Pt.2 Jimin,168448603
288,"I Was Never There The Weeknd, Gesaffelstein",705469769
289,"Don't ever say love me (feat. RM of BTS) RM, Colde",34502215
290,Shut Down BLACKPINK,482175240
291,"Gato de Noche Nengo Flow, Bad Bunny",304118600
292,Call Out My Name The Weeknd,1449799467
293,Like Crazy (English Version) Jimin,173627354
294,"Rosa Pastel Jasiel Nuï¿½ï¿½ez, Peso P",90025258
295,"Sunroof Nicky Youre, Dazy",652704649
296,Lose Yourself - Soundtrack Version Eminem,1829992958
297,"Superman Eminem, Dina Rae",655466831
298,"Mas Rica Que Ayer Mambo Kingz, DJ Luian, Anuel Aa",146409671
299,"People Pt.2 (feat. IU) IU, Agust D",95816024
300,REMIX EXCLUSIVO Feid,117206995
301,"Arcï¿½ï¿½ngel: Bzrp Music Sessions, Vol Arcangel, Bizarrap",100409613
302,"DOGTOOTH Tyler, The Creator",80758350
303,"10:35 Tiï¿½ï¿½sto, Tate M",325592432
304,"SORRY NOT SORRY Tyler, The Creator",58473276
305,HAPPY NF,52722996
306,La Bebe Yng Lvcas,191945597
307,"I Know - PR1SVX Edit Kanii, PR1ISVX",77377503
308,Late Night Talking Harry Styles,743693613
309,Leï¿½ Marï¿½ï¿½lia Mendo,267789608
310,"Save Your Tears (with Ariana Grande) (Remix) Ariana Grande, The Weeknd",1221813483
311,Something in the Orange Zach Bryan,449701773
312,VOID Melanie Martinez,67070410
313,"Dijeron Que No La Iba Lograr Fuerza Regida, Chino Pacas",116334601
314,Midnight Rain Taylor Swift,433356509
315,If We Ever Broke Up Mae Stephens,165584767
316,You Proof Morgan Wallen,367814306
317,"LA INOCENTE Feid, Mora",477033549
318,Malas Decisiones Kenia OS,156214700
319,Murder In My Mind Kordhell,448843705
320,"Gangsta's Paradise Coolio, L.V.",1357608774
321,"CAIRO Karol G, Ovy On The Drums",294352144
322,I Love You So The Walters,972164968
323,Dark Red Steve Lacy,920045682
324,Say You Won't Let Go James Arthur,2420461338
325,The Hills The Weeknd,1947371785
326,Heart To Heart Mac DeMarco,244658767
327,Peaches (from The Super Mario Bros. Movie) Jack Black,68216992
328,"Marisola - Remix Duki, NICKI NICOLE, Cris Mj, Standly, Stars Music Chile",223582566
329,"LOKERA Brray, Rauw Alejandro, Lyanno",471819764
330,Low SZA,272377463
331,Numb Linkin Park,1361425037
332,"Tormenta (feat. Bad Bunny) Gorillaz, Bad Bunny",149778242
333,"on the street (with J. Cole) j-hope, J. Cole",116599790
334,One Thing At A Time Morgan Wallen,148469433
335,"Miss You Robin Schulz, Oliver Tree",497225336
336,Ainï¿½ï¿½ï¿½t Tha Morgan Wallen,88791109
337,Thinkinï¿½ï¿½ï¿½ B Morgan Wallen,125917280
338,"Private Landing (feat. Justin Bieber & Future) Don Toliver, Future, Justin Bieber",105062254
339,Everything I Love Morgan Wallen,95623148
340,Heaven Niall Horan,144584800
341,LET GO Central Cee,298063749
342,Sial Mahalini,166570053
343,I Wrote The Book Morgan Wallen,83021468
344,"Apna Bana Le (From ""Bhediya"") Arijit Singh, Sachin-Jigar",139836056
345,SPIT IN MY FACE! ThxSoMch,303216294
346,"PLAYA DEL INGLï¿½ Myke Towers, Quevedo",221409663
347,"Man Made A Bar (feat. Eric Church) Morgan Wallen, Eric Church",58890931
348,Red Ruby Da Sleeze Nicki Minaj,81419389
349,Kahani Suno 2.0 Kaifi Khalil,156777415
350,Nobody Gets Me SZA,284908316
351,"PERO Tï¿ Karol G, Quevedo",93438910
352,Hype Boy NewJeans,363472647
353,Bloody Mary Lady Gaga,372476382
354,"Monotonï¿½ Ozuna, Shakira",380726517
355,ýýý98 Braves Morgan Wallen,56533272
356,WANDA Quevedo,175399345
357,Thought You Should Know Morgan Wallen,203221468
358,In The End Linkin Park,1624165576
359,Zona De Perigo Leo Santana,134294498
360,Lovezinho Treyce,70069745
361,"I Like You (A Happier Song) (with Doja Cat) Post Malone, Doja Cat",609293408
362,Neverita Bad Bunny,671365962
363,Vista Al Mar Quevedo,362361576
364,"Sem Alianï¿½ï¿½a no  MC Xenon, Os Gemeos da Putaria",93587665
365,"Enemy (with JID) - from the series Arcane League of Legends Imagine Dragons, League of Legends, JID, Arcane",1223481149
366,Revenge XXXTENTACION,1022258230
367,"Bombonzinho - Ao Vivo Israel & Rodolffo, Ana Castela",263453310
368,"LA CANCIï¿½ J Balvin, Bad Bunny",1435127549
369,"Quï¿½ï¿½ Ago Yuridia, Angela Aguilar",236857112
370,Love Again The Kid Laroi,147538971
371,After Hours The Weeknd,698086140
372,About Damn Time Lizzo,723894473
373,Born With A Beer In My Hand Morgan Wallen,34450974
374,ýýýýýýýýýýýýýýýýýýýýý Fujii Kaze,403097450
375,"Besos Moja2 Wisin & Yandel, ROSALï¿½",309483971
376,Maan Meri Jaan King,319566866
377,Moscow Mule Bad Bunny,909001996
378,"My Universe Coldplay, BTS",1061966512
379,Devil Donï¿½ï¿½ï¿½ Morgan Wallen,32526947
380,LLYLM ROSALï¿½,124988687
381,"I'm Not Here To Make Friends Sam Smith, Calvin Harris, Jessie Reyez",103787664
382,TRUSTFALL P!nk,134255790
383,ANTIFRAGILE LE SSERAFIM,301051721
384,Boy's a liar PinkPantheress,156338624
385,"VIBE (feat. Jimin of BTS) TAEYANG, Jimin",152850295
386,Shirt SZA,309653982
387,Lift Me Up - From Black Panther: Wakanda Forever - Music From and Inspired By Rihanna,297328960
388,STAR WALKIN' (League of Legends Worlds Anthem) Lil Nas X,332506354
389,"Sex, Drugs, Etc. Beach Weather",480507035
390,"Boy With Luv (feat. Halsey) Halsey, BTS",1065580332
391,"Hey, Mickey! Baby Tate",122763672
392,Calm Down Rï¿½ï,445763624
393,"Jhoome Jo Pathaan Arijit Singh, Vishal Dadlani, Sukriti Kakar, Vishal-Shekhar, Shekhar Ravjiani, Kumaar",1365184
394,"Escapism. - Sped Up RAYE, 070 Shake",184308753
395,Space Song Beach House,789753877
396,"Dreamers [Music from the FIFA World Cup Qatar 2022 Official Soundtrack] BTS, Jung Kook, FIFA Sound",323358833
397,"Te Felicito Shakira, Rauw Alejandro",606361689
398,"Muï¿½ï¿½ Steve Aoki, Tini, La Joaqui",120972253
399,TV Billie Eilish,338564981
400,I'm Not The Only One Sam Smith,1606986953
401,Heather Conan Gray,1301799902
402,"Besharam Rang (From ""Pathaan"") Vishal-Shekhar, Shilpa Rao, Caralisa Monteiro, Kumaar, Vishal Dadlani, Shekhar Ravjiani",140187018
403,"One Kiss (with Dua Lipa) Calvin Harris, Dua Lipa",1897517891
404,Sugar Rush Ride TOMORROW X TOGETHER,107642809
405,Pink Venom BLACKPINK,551305895
406,"WAIT FOR U (feat. Drake & Tems) Drake, Future, Tems",556585270
407,Don't Start Now Dua Lipa,2303033973
408,After Dark Mr.Kitty,646886885
409,"Eu Gosto Assim - Ao Vivo Gustavo Mioto, Mari Fernandez",222612678
410,"INDUSTRY BABY (feat. Jack Harlow) Jack Harlow, Lil Nas X",1814349763
411,MIDDLE OF THE NIGHT Elley Duhï¿,872137015
412,Atlantis Seafret,571386359
413,"PUNTO 40 Baby Rasta, Rauw Alejandro",304079786
414,"Evoque Prata DJ Escobar, MC MENOR SG, MC MENOR HR",174006928
415,How Do I Say Goodbye Dean Lewis,284785823
416,Blind SZA,163284000
417,Die For You Joji,246390068
418,Doja Central Cee,482257456
419,Gatita Bellakath,168684524
420,"Rumble Skrillex, Flowdan, Fred again..",78489819
421,"Niagara Falls (Foot or 2) [with Travis Scott & 21 Savage] Travis Scott, 21 Savage, Metro Boomin",195516622
422,Yonaguni Bad Bunny,1260594497
423,Super Freaky Girl Nicki Minaj,428685680
424,Running Up That Hill (A Deal With God) Kate Bush,1024858327
425,Dream On Aerosmith,838586769
426,Limbo Freddie Dredd,199386237
427,"Where Are You Now Lost Frequencies, Calum Scott",972509632
428,"WORTH NOTHING Twisted, Oliver Tree",213438580
429,Bad Habits Ed Sheeran,1555511105
430,KICK BACK Kenshi Yonezu,210038833
431,Evergreen (You Didnï¿½ï¿½ï¿½t Deserve Me A Omar Apollo,227918678
432,Good Days SZA,826623384
433,"Levitating (feat. DaBaby) Dua Lipa, DaBaby",1802514301
434,Woman Doja Cat,1329090101
435,Shut up My Moms Calling - (Sped Up) Hotel Ugly,181831132
436,"Ferrari James Hype, Miggy Dela Rosa",462791599
437,"You're On Your Own, Kid Taylor Swift",348647203
438,"Kesariya (From ""Brahmastra"") Pritam, Arijit Singh, Amitabh Bhattacharya",366599607
439,"Agudo Mï¿½ï¿½gi Styrx, utku INC, Thezth",90598517
440,"Payphone Maroon 5, Wiz Khalifa",1479264469
441,All I Want for Christmas Is You Mariah Carey,1449779435
442,Last Christmas Wham!,1159176109
443,Rockin' Around The Christmas Tree Brenda Lee,769213520
444,Jingle Bell Rock Bobby Helms,741301563
445,It's Beginning To Look A Lot Like Christmas Michael Bublï¿,807561936
446,Santa Tell Me Ariana Grande,834129063
447,It's the Most Wonderful Time of the Year Andy Williams,663832097
448,Let It Snow! Let It Snow! Let It Snow! Dean Martin,446390129
449,Snowman Sia,690104769
450,Underneath the Tree Kelly Clarkson,485285717
451,Feliz Navidad Josï¿½ï¿½ Felic,520034544
452,Holly Jolly Christmas Michael Bublï¿,476244795
453,Mistletoe Justin Bieber,629173063
454,Sleigh Ride The Ronettes,404664135
455,Seek & Destroy SZA,98709329
456,Love Language SZA,110849052
457,"Happy Xmas (War Is Over) John Lennon, The Harlem Community Choir, The Plastic Ono Band, Yoko Ono",460492795
458,"Used (feat. Don Toliver) SZA, Don Toliver",94005786
459,A Holly Jolly Christmas - Single Version Burl Ives,395591396
460,The Christmas Song (Merry Christmas To You) - Remastered 1999 Nat King Cole,389771964
461,Wonderful Christmastime - Edited Version / Remastered 2011 Paul McCartney,403939487
462,Do They Know It's Christmas? - 1984 Version Band Aid,481697415
463,"Ghost in the Machine (feat. Phoebe Bridgers) SZA, Phoebe Bridgers",110073250
464,Special SZA,88092256
465,Merry Christmas Everyone Shakin' Stevens,351636786
466,"Let It Snow! Let It Snow! Let It Snow! Frank Sinatra, B. Swanson Quartet",473248298
467,SOS SZA,73981293
468,"Open Arms (feat. Travis Scott) SZA, Travis Scott",155653938
469,"White Christmas Bing Crosby, John Scott Trotter & His Orchestra, Ken Darby Singers",395591396
470,Driving Home for Christmas - 2019 Remaster Chris Rea,429504768
471,Christmas (Baby Please Come Home) Darlene Love,242767149
472,Gone Girl SZA,65362788
473,F2F SZA,67540165
474,Notice Me SZA,62019074
475,"Merry Christmas Ed Sheeran, Elton John",135723538
476,"It's Beginning to Look a Lot Like Christmas (with Mitchell Ayres & His Orchestra) Perry Como, The Fontane Sisters, Mitchell Ayres & His Orchestra",295998468
477,My Only Wish (This Year) Britney Spears,261116938
478,"Antidepresan Mabel Matiz, Mert Demir",136689549
479,Wild Flower (with youjeen) RM,135611421
480,I Hate U SZA,356709897
481,"Raindrops (Insane) [with Travis Scott] Travis Scott, Metro Boomin",110649992
482,SPIT IN MY FACE! ThxSoMch,301869854
483,Deck The Hall - Remastered 1999 Nat King Cole,127027715
484,Smoking on my Ex Pack SZA,57144458
485,Conceited SZA,56870689
486,"Snow On The Beach (feat. Lana Del Rey) Taylor Swift, Lana Del Rey",323437194
487,Maroon Taylor Swift,317726339
488,"Tubarï¿½ï¿½o Te Dj LK da Escï¿½ï¿½cia, Tchakabum, mc jhenny, M",116144341
489,Bejeweled Taylor Swift,328207708
490,"Tarot Bad Bunny, Jhay Cortez",608228647
491,"You Make It Feel Like Christmas (feat. Blake Shelton) Gwen Stefani, Blake Shelton",180577478
492,"Desesperados Chencho Corleone, Rauw Alejandro",809306935
493,Too Late SZA,49262961
494,"Party Bad Bunny, Rauw Alejandro",614555082
495,Run Rudolph Run - Single Version Chuck Berry,245350949
496,Jingle Bells - Remastered 1999 Frank Sinatra,178660459
497,Far SZA,51641685
498,"On Time (with John Legend) John Legend, Metro Boomin",78139948
499,"GATï¿½ï¿½ Maldy, Karol G",322336177
500,ýýýabcdefu Gayle,1007612429
501,Sacrifice The Weeknd,326792833
502,Is There Someone Else? The Weeknd,391251368
503,"Fingers Crossed Lauren Spencer Smith, Lauren Spencer Smith, Lauren Spencer Smith",349585590
504,Out of Time The Weeknd,339659802
505,"Do It To It Cherish, ACRAZE",674772936
506,"We Don't Talk About Bruno Adassa, Mauro Castillo, Stephanie Beatriz, Encanto - Cast, Rhenzy Feliz, Diane Guerrero, Carolina Gaitan",432719968
507,Pepas Farruko,1309887447
508,How Do I Make You Love Me? The Weeknd,119238316
509,Gasoline The Weeknd,116903579
510,Infinity Jaymes Young,888046992
511,Less Than Zero The Weeknd,200660871
512,Take My Breath The Weeknd,130655803
513,good 4 u Olivia Rodrigo,1887039593
514,"Here We Goï¿½ï¿½ï¿½ Again (feat. Tyler, the Cr The Weeknd, Tyler, The Creator",88103848
515,Best Friends The Weeknd,101114984
516,"Kiss Me More (feat. SZA) SZA, Doja Cat",1575467011
517,"I Heard You're Married (feat. Lil Wayne) The Weeknd, Lil Wayne",91656026
518,Need To Know Doja Cat,1042568408
519,MONTERO (Call Me By Your Name) Lil Nas X,1735441776
520,love nwantiti (ah ah ah) Ckay,726837877
521,Dawn FM The Weeknd,53933526
522,Surface Pressure Jessica Darrow,267758538
523,Starry Eyes The Weeknd,74601456
524,THATS WHAT I WANT Lil Nas X,920797189
525,"One Right Now (with The Weeknd) The Weeknd, Post Malone",539595276
526,Beggin Mï¿½ï¿½ne,1367810478
527,"Mon Amour - Remix Aitana, zzoilo",578207856
528,"Lo Siento BB:/ (with Bad Bunny & Julieta Venegas) Julieta Venegas, Bad Bunny, Tainy",775542072
529,MONEY Lisa,863625566
530,"The Motto Tiï¿½ï¿½sto, Ava",656013912
531,Happier Than Ever Billie Eilish,1056760045
532,"Moth To A Flame (with The Weeknd) The Weeknd, Swedish House Mafia",611994237
533,"traitor Juan Cruz Toledo, Huilen Toledo",1230855859
534,Toxic BoyWithUke,582981380
535,drivers license Olivia Rodrigo,1858144199
536,"Malvadï¿½ï¿ Xamï¿½ï¿½, Gustah, Neo B",240684449
537,All Too Well (10 Minute Version) (Taylor's Version) (From The Vault) Taylor Swift,583687007
538,Donï¿½ï¿½ï¿½t Break My The Weeknd,63803529
539,Oh My God Adele,466214729
540,"Entre Nosotros (Remix) [con Nicki Nicole] Lit Killah, Maria Becerra, Tiago pzk, NICKI NICOLE",236940480
541,A Tale By Quincy The Weeknd,41924466
542,I AM WOMAN Emmy Meli,225259194
543,"Medallo Justin Quiles, Lenny Tavï¿½ï¿½rez, BL",393230256
544,It'll Be Okay Shawn Mendes,287201015
545,Softcore The Neighbourhood,599770206
546,Super Gremlin Kodak Black,342779426
547,"Volvï¿ Aventura, Bad Bunny",673801126
548,Todo De Ti Rauw Alejandro,1168642797
549,"Love Nwantiti - Remix Ckay, AX'EL, Dj Yo!",540539717
550,"Smokin Out The Window Bruno Mars, Anderson .Paak, Silk Sonic",383550148
551,"Meet Me At Our Spot THE ANXIETY, Willow, Tyler Cole",530511203
552,Every Angel is Terrifying The Weeknd,37307967
553,Tacones Rojos Sebastian Yatra,510876816
554,"Peaches (feat. Daniel Caesar & Giveon) Justin Bieber, Daniel Caesar, Giveon",1445941661
555,"Dakiti Bad Bunny, Jhay Cortez",1763363713
556,"Tiago PZK: Bzrp Music Sessions, Vol. 48 Bizarrap, Tiago pzk",374191487
557,Lï¿½ï¿½ï¿ Stromae,108809090
558,"Nostï¿½ï¿½l Chris Brown, Rvssian, Rauw Alejandro",436695353
559,"Better Days (NEIKED x Mae Muller x Polo G) NEIKED, Mae Muller, Polo G",421040617
560,Life Goes On Oliver Tree,501541661
561,"Sad Girlz Luv Money Remix (feat. Kali Uchis) Kali Uchis, Amaarae, Moliy",354065229
562,Butter BTS,1143647827
563,"pushin P (feat. Young Thug) Young Thug, Future, Gunna",311395144
564,"You Right Doja Cat, The Weeknd",672656250
565,deja vu Olivia Rodrigo,1256880657
566,Dynamite BTS,1692897992
567,TO THE MOON Jnr Choi,245095641
568,"Lost in the Fire The Weeknd, Gesaffelstein",686734357
569,"Salimo de Noche Trueno, Tiago pzk",261414174
570,"Volando - Remix Sech, Bad Bunny, Mora",610045621
571,"Leave The Door Open Bruno Mars, Anderson .Paak, Silk Sonic",1115880852
572,"Knife Talk (with 21 Savage ft. Project Pat) Drake, Project Pat, 21 Savage",594482982
573,"Don't Be Shy Tiï¿½ï¿½sto, Kar",566954746
574,Love Grows (Where My Rosemary Goes) Edison Lighthouse,BPM110KeyAModeMajorDanceability53Valence75Energy69Acousticness7Instrumentalness0Liveness17Speechiness3
575,"LA FAMA (with The Weeknd) The Weeknd, ROSALï¿½",374706940
576,"The Family Madrigal Olga Merediz, Stephanie Beatriz, Encanto - Cast",184937148
577,Phantom Regret by Jim The Weeknd,31959571
578,Dos Oruguitas Sebastian Yatra,167076418
579,Freaks Surf Curse,824420218
580,Acapulco Jason Derulo,363467642
581,Daddy Issues The Neighbourhood,1127468248
582,"thought i was playing 21 Savage, Gunna",60680939
583,ELEVEN IVE,247737946
584,"Mood (feat. Iann Dior) 24kgoldn, Iann Dior",1699402402
585,"What Else Can I Do? Stephanie Beatriz, Diane Guerrero",154797871
586,DANCE CRIP Trueno,198883004
587,Miserable Man David Kushner,124407432
588,happier Olivia Rodrigo,850608354
589,Praise God Kanye West,376333030
590,Get Into It (Yuh) Doja Cat,516784627
591,Before You Go Lewis Capaldi,1608045237
592,Sky Playboi Carti,506778838
593,Rolling in the Deep Adele,1472799873
594,Sobrio Maluma,513643924
595,"Peru Ed Sheeran, Fireboy DML",261286503
596,favorite crime Olivia Rodrigo,783706581
597,"Thunder Prezioso, Gabry Ponte, LUM!X",422691058
598,The Business Tiï¿½ï¿,1062345656
599,positions Ariana Grande,1252563873
600,I WANNA BE YOUR SLAVE Mï¿½ï¿½ne,851070493
601,"Vai Lï¿½ï¿½ Em Casa  Marï¿½ï¿½lia Mendonï¿½ï¿½a, George Henrique &",263894529
602,The Feels TWICE,345903614
603,HEARTBREAK ANNIVERSARY Giveon,951637566
604,"No Lie Sean Paul, Dua Lipa",956865266
605,"OUT OUT (feat. Charli XCX & Saweetie) Charli XCX, Jax Jones, Joel Corry, Saweetie",427486004
606,Pope Is a Rockstar SALES,156658366
607,2055 Sleepy hallow,624515457
608,Bored Billie Eilish,777765388
609,Happier Than Ever - Edit Billie Eilish,412795151
610,Astronaut In The Ocean Masked Wolf,1138474110
611,"Ley Seca Anuel Aa, Jhay Cortez",355219175
612,Every Summertime NIKI,290228626
613,Talking To The Moon Bruno Mars,1062956628
614,you broke me first Tate McRae,1180094974
615,The Nights Avicii,1456081449
616,Take My Breath The Weeknd,432702334
617,"Way 2 Sexy (with Future & Young Thug) Drake, Future, Young Thug",489945871
618,Cï¿½ï¿½ Rauw Alejandro,465959382
619,"Enemy - from the series Arcane League of Legends Imagine Dragons, League of Legends, Arcane",1223481149
620,Dance Monkey Tones and I,2864791672
621,Lucid Dreams Juice WRLD,2288695111
622,"Quï¿½ï¿½ Mï¿½ï¿ J Balvin, Maria Becerra",720825549
623,All of Me John Legend,2086124197
624,Smells Like Teen Spirit - Remastered 2021 Nirvana,1690192927
625,Arcade Duncan Laurence,991336132
626,"Fair Trade (with Travis Scott) Drake, Travis Scott",593917618
627,"Bar Tini, L-Gante",200972675
628,The Rumbling (TV Size) SiM,71014967
629,"family ties (with Kendrick Lamar) Kendrick Lamar, Baby Keem",560222750
630,Mr. Brightside The Killers,1806617704
631,Blessed-Cursed ENHYPEN,77337771
632,"AM Remix J Balvin, Nio Garcia, Bad Bunny",528544703
633,Streets Doja Cat,865640097
634,"Shallow Lady Gaga, Bradley Cooper",2159346687
635,Polaroid Love ENHYPEN,211372494
636,"Leave Before You Love Me (with Jonas Brothers) Marshmello, Jonas Brothers",651732901
637,Permission to Dance BTS,608334048
638,"Friday (feat. Mufasa & Hypeman) - Dopamine Re-Edit Riton, Nightcrawlers, Mufasa & Hypeman, Dopamine",863756573
639,RAPSTAR Polo G,797402345
640,"'Till I Collapse Eminem, Nate Dogg",1695712020
641,Memories Maroon 5,1759567999
642,"Se Le Ve Arcangel, De La Ghetto, Justin Quiles, Lenny Tavï¿½ï¿½rez, Sech, Dalex, Dimelo Flow, Rich Music",223319934
643,"25k jacket (feat. Lil Baby) Gunna, Lil Baby",54937991
644,"When Iï¿½ï¿½ï¿½m Gone (with Katy  Katy Perry, Alesso",226897599
645,"Esqueï¿½ï¿½a-Me Se For C Marï¿½ï¿½lia Mendonï¿½ï¿½a, Maiara &",258316038
646,"Miï¿½ï¿½n Tini, Maria Becerra",596152090
647,"Sï¿½ï¿½ Anuel Aa, Myke Towers, Jhay Cortez",177129919
648,"MAMIII Karol G, Becky G",716591492
649,"Still D.R.E. Dr. Dre, Snoop Dogg",1210599487
650,Stay Alive (Prod. SUGA of BTS) Jung Kook,246376690
651,Boyfriend Dove Cameron,496311364
652,"The Joker And The Queen (feat. Taylor Swift) Ed Sheeran, Taylor Swift",146789379
653,"The Next Episode Dr. Dre, Snoop Dogg",843309044
654,Light Switch Charlie Puth,500340342
655,"City of Gods Kanye West, Alicia Keys, Fivio Foreign",107255472
656,"Brividi Mahmood, Blanco",135079152
657,Lost Frank Ocean,822239726
658,In Da Club 50 Cent,1202722675
659,she's all i wanna be Tate McRae,343197054
660,Ginseng Strip 2002 Yung Lean,240769997
661,"All For Us - from the HBO Original Series Euphoria Labrinth, Zendaya",426204830
662,Notion The Rare Occasions,421135627
663,Formula Labrinth,554875730
664,Mount Everest Labrinth,467727006
665,"Excuses Intense, AP Dhillon, Gurinder Gill",327498031
666,Cigarettes Juice WRLD,185408548
667,"Cayï¿½ï¿½ La Noche (feat. Cruz Cafunï¿½ï¿½, Abhir Hathi, Bejo, EL IMA) Quevedo, La Pantera, Juseph, Cruz Cafunï¿½ï¿½, Bï¿½ï¿½jo, Abhir Hathi",245400167
668,"California Love - Original Version (Explicit) Dr. Dre, 2Pac, Roger",579395142
669,"Forgot About Dre Eminem, Dr. Dre",675039469
670,"Down Under (feat. Colin Hay) Luude, Colin Hay",252871192
671,Mujeriego Ryan Castro,231996128
672,HUMBLE. Kendrick Lamar,1929770265
673,"Stan Eminem, Dido",918915401
674,"Contection GODZZ__-, Zakaria",1180896317
675,Swim Chase Atlantic,498960285
676,A Tu Merced Bad Bunny,685071800
677,Numb Little Bug Em Beihold,258714692
678,"212 Mainstreet, Chefin",143139338
679,"Problemï¿½ Alvaro Diaz, Rauw Alejandro",209768491
680,"Bussin Nicki Minaj, Lil Baby",64714573
681,Worst Day Future,50746620
682,Malvada Zï¿½ï¿½ Fe,154119539
683,Hrs and Hrs Muni Long,181328253
684,Alien Blues Vundabar,370068639
685,Thinking Out Loud Ed Sheeran,2280566092
686,Still Don't Know My Name Labrinth,563902868
687,Christmas Tree V,317622165
688,"Mal Feito - Ao Vivo Marï¿½ï¿½lia Mendonï¿½ï¿½a, Hugo & G",291709698
689,When I R.I.P. Labrinth,203680270
690,"Do We Have A Problem? Nicki Minaj, Lil Baby",81350745
691,Forever Labrinth,282883169
692,"Gospel (with Eminem) Eminem, Dr. Dre",64787943
693,"Seï¿½ï¿½o Shawn Mendes, Camila Cabello",2484812918
694,"NEW MAGIC WAND Tyler, The Creator",461437791
695,Adore You Harry Styles,1439191367
696,"La Santa Daddy Yankee, Bad Bunny",759208783
697,Something In The Way - Remastered 2021 Nirvana,368646862
698,"Sweetest Pie Dua Lipa, Megan Thee Stallion",299634472
699,"Bam Bam (feat. Ed Sheeran) Camila Cabello, Ed Sheeran",756907987
700,Una Noche en Medellï¿½ Cris Mj,682475162
701,Envolver Anitta,546191065
702,Starlight Dave,229473310
703,Hati-Hati di Jalan Tulus,202677468
704,"I'm Tired - From ""Euphoria"" An Original HBO Series Labrinth",121913181
705,"DANï¿½ï¿½A Mc Pedrinho, Pedro Sampaio",208166039
706,Yo Voy (feat. Daddy Yankee) Zion & Lennox,527033089
707,"Residente: Bzrp Music Sessions, Vol. 49 Residente, Bizarrap",94616487
708,Jordan Ryan Castro,394030335
709,Nail Tech Jack Harlow,193443895
710,Chale Eden Muï¿½ï,299648208
711,DARARI Treasure,182978249
712,Ya No Somos Ni Seremos Christian Nodal,319757142
713,"Thinking with My Dick Kevin Gates, Juicy J",109091573
714,"Freaky Deaky Tyga, Doja Cat",153240879
715,this is what falling in love feels like JVKE,346127840
716,La Zona Bad Bunny,312622938
717,Bohemian Rhapsody - Remastered 2011 Queen,2197010679
718,Hope XXXTENTACION,1200808494
719,Levitating Dua Lipa,797196073
720,Wake Me Up - Radio Edit Avicii,1970673297
721,"jealousy, jealousy Olivia Rodrigo",665765558
722,Monï¿½ï¿½y so YEAT,263779030
723,Demasiadas Mujeres C. Tangana,339473453
724,"Something Just Like This The Chainsmokers, Coldplay",2204080728
725,"Closer The Chainsmokers, Halsey",2591224264
726,O.O NMIXX,135444283
727,"Somebody That I Used To Know Gotye, Kimbra",1457139296
728,"Tom's Diner AnnenMayKantereit, Giant Rooks",236872197
729,First Class Jack Harlow,694525298
730,Plan A Paulo Londra,240661097
731,Fuera del mercado Danny Ocean,421365166
732,"X ï¿½ï¿½LTIMA Daddy Yankee, Bad Bunny",349746291
733,When You're Gone Shawn Mendes,255120451
734,In My Head Lil Tjay,190981339
735,Wait a Minute! Willow,924193303
736,LOVE DIVE IVE,305771063
737,"Pantysito Feid, Alejo, Robi",273005485
738,Chance Paulo Londra,89566512
739,Cool for the Summer Demi Lovato,677389855
740,"psychofreak (feat. WILLOW) Camila Cabello, Willow",75476209
741,Angel Baby Troye Sivan,408843328
742,"Vampiro Matuï¿½ï¿½, Wiu, ",187772591
743,"Si Quieren Frontear De La Ghetto, Duki, Quevedo",178512385
744,Right On Lil Baby,101780047
745,"Me Arrepentï¿ Ak4:20, Cris Mj, Pailita",118381354
746,That's Hilarious Charlie Puth,146363130
747,Soy El Unico Yahritza Y Su Esencia,126443991
748,RUMBATï¿½ Daddy Yankee,157990698
749,"sentaDONA (Remix) s2 Luï¿½ï¿½sa Sonza, MC Frog, Dj Gabriel do Borel, Davi K",176290831
750,Falling Harry Styles,1023187129
751,"Sigue Ed Sheeran, J Balvin",106933107
752,Fim de Semana no Rio teto,139193812
753,MANIAC Stray Kids,212234990
754,There's Nothing Holdin' Me Back Shawn Mendes,1714490998
755,"IDGAF (with blackbear) Blackbear, BoyWithUke",197643795
756,Golden Harry Styles,807015863
757,"Get Lucky - Radio Edit Pharrell Williams, Nile Rodgers, Daft Punk",933815613
758,Ain't Shit Doja Cat,499710590
759,"Nobody Like U - From ""Turning Red"" Jordan Fisher, Josh Levi, Finneas O'Connell, 4*TOWN (From Disney and Pixarï¿½ï¿½ï¿½s Turning Red), Topher Ngo, Grayson Vill",120847157
760,Still Life BIGBANG,53909146
761,Photograph Ed Sheeran,2236667932
762,Love Yourself Justin Bieber,2123309722
763,N95 Kendrick Lamar,301242089
764,About Damn Time Lizzo,723894473
765,"Die Hard Kendrick Lamar, Blxst, Amanda Reifer",237351106
766,Despuï¿½ï¿½s de la P Bad Bunny,461558540
767,Un Ratito Bad Bunny,417230415
768,United In Grief Kendrick Lamar,156898322
769,"Father Time (feat. Sampha) Kendrick Lamar, Sampha",127309180
770,Yo No Soy Celoso Bad Bunny,313113297
771,Rich Spirit Kendrick Lamar,173702135
772,"Cooped Up (with Roddy Ricch) Post Malone, Roddy Ricch",271666301
773,Me Fui de Vacaciones Bad Bunny,305650299
774,"Silent Hill Kendrick Lamar, Kodak Black",123216717
775,"La Corriente Tony Dize, Bad Bunny",479655659
776,Count Me Out Kendrick Lamar,126191104
777,"Andrea Buscabulla, Bad Bunny",344055883
778,Dos Mil 16 Bad Bunny,338422004
779,"We Cry Together Kendrick Lamar, Taylour Paige",68895644
780,"Savior Kendrick Lamar, Sam Dew, Baby Keem",86176890
781,Un Coco Bad Bunny,403231558
782,"Otro Atardecer Bad Bunny, The Marï¿½ï",319546754
783,Worldwide Steppers Kendrick Lamar,61739839
784,Aguacero Bad Bunny,283359161
785,"Purple Hearts Kendrick Lamar, Ghostface Killah, Summer Walker",76831876
786,Un Verano Sin Ti Bad Bunny,283332261
787,"ULTRA SOLO Polima WestCoast, Pailita",307752576
788,Ensï¿½ï¿½ï¿½ï¿½ame  Bad Bunny,279737940
789,El Apagï¿½ Bad Bunny,212351890
790,"Callaita Bad Bunny, Tainy",1304313953
791,Dua Lipa Jack Harlow,150500965
792,Agosto Bad Bunny,246127838
793,House Of Memories Panic! At The Disco,582863434
794,"Mr. Morale Kendrick Lamar, Tanna Leone",58687425
795,"That That (prod. & feat. SUGA of BTS) PSY, Suga",212109195
796,In The Stars Benson Boone,382199619
797,Rich - Interlude Kendrick Lamar,41210087
798,SUPERMODEL Mï¿½ï¿½ne,231657891
799,Stefania (Kalush Orchestra) KALUSH,53729194
800,Thousand Miles The Kid Laroi,244741137
801,Crown Kendrick Lamar,42485571
802,Auntie Diaries Kendrick Lamar,37778188
803,PUFFIN ON ZOOTIEZ Future,254218729
804,Mirror Kendrick Lamar,53603447
805,Beautiful Girl Luciano,160035717
806,"Paulo Londra: Bzrp Music Sessions, Vol. 23 Bizarrap, Paulo Londra",164163229
807,Savior - Interlude Kendrick Lamar,37091576
808,"Pasoori Shae Gill, Ali Sethi",284249832
809,"Mother I Sober (feat. Beth Gibbons of Portishead) Kendrick Lamar, Beth Gibbons",33381454
810,"TUS Lï¿½ï¿½GR Sech, Mora",184622518
811,"Where Did You Go? MNEK, Jax Jones",300983101
812,"I Tried to Tell Y'all Ugly Dray, Tesla Jnr",121077868
813,"Honest (feat. Don Toliver) Justin Bieber, Don Toliver",106919680
814,ZOOM Jessi,136996305
815,SloMo Chanel,65719930
816,FEARLESS LE SSERAFIM,229497852
817,10 Things I Hate About You Leah Kate,185550869
818,SPACE MAN Sam Ryder,54682594
819,"With you HA SUNG WOON, Jimin",240580042
820,Iris The Goo Goo Dolls,1284942608
821,The Heart Part 5 Kendrick Lamar,71423324
822,San Lucas Kevin Kaarl,244891912
823,This Love (Taylorï¿½ï¿½ï¿½s Ve Taylor Swift,132171975
824,Good Looking Suki Waterhouse,184706613
825,Flowers Lauren Spencer Smith,184826429
826,Yet To Come BTS,302006641
827,Run BTS BTS,330881149
828,Music For a Sushi Restaurant Harry Styles,334733572
829,Matilda Harry Styles,366214458
830,For Youth BTS,114546317
831,Daylight Harry Styles,290833204
832,Vegas (From the Original Motion Picture Soundtrack ELVIS) Doja Cat,448500832
833,"Cash In Cash Out Pharrell Williams, Tyler, The Creator, 21 Savage",136676504
834,"Potion (with Dua Lipa & Young Thug) Calvin Harris, Dua Lipa, Young Thug",190625045
835,Born Singer BTS,79095270
836,Little Freak Harry Styles,273194684
837,"La Llevo Al Cielo (Ft. ï¿½ï¿½engo F Nengo Flow, Anuel Aa, Chris Jedi, Chencho Corleone",333146475
838,"True Love Kanye West, XXXTENTACION",194902696
839,Satellite Harry Styles,311482393
840,Pass The Dutchie Musical Youth,195918494
841,"Villano Antillano: Bzrp Music Sessions, Vol. 51 Bizarrap, Villano Antillano",248511839
842,Love Of My Life Harry Styles,233671263
843,Grapejuice Harry Styles,199587884
844,So Good Halsey,91781263
845,"Belly Dancer BYOR, Imanbek",383835984
846,Keep Driving Harry Styles,236060709
847,Cinema Harry Styles,189236868
848,"Die Young (feat. 347aidan) Sleepy hallow, 347aidan",160845341
849,Only Love Can Hurt Like This Paloma Faith,588955257
850,Hold My Hand Lady Gaga,238350348
851,Daydreaming Harry Styles,187703102
852,"Numb Marshmello, Khalid",295307001
853,"Nos Comemos (feat. Ozuna) Ozuna, Tiago pzk",138334433
854,Me and Your Mama Childish Gambino,445590495
855,"Crazy What Love Can Do David Guetta, Ella Henderson, Becky Hill",286739476
856,SLOW DANCING IN THE DARK Joji,1122364376
857,Antes de Perderte Duki,157136970
858,Boyfriends Harry Styles,137070925
859,295 Sidhu Moose Wala,183273246
860,Tak Ingin Usai Keisya Levronka,184807630
861,En El Radio Un Cochinero Victor Cibrian,164856284
862,Master of Puppets (Remastered) Metallica,704171068
863,BREAK MY SOUL Beyoncï¿,354614964
864,"ULTRA SOLO REMIX De La Ghetto, Feid, Polima WestCoast, Paloma Mami, Pailita",279717388
865,Massive Drake,195628667
866,Betty (Get Money) Yung Gravy,221752937
867,Ojos Marrones Lasso,263280370
868,POP! Nayeon,213505179
869,"Layla Schï¿½ï¿½rze, DJ R",130419412
870,MORE j-hope,155795783
871,Sweet Child O' Mine Guns N' Roses,1553497987
872,Last Last Burna Boy,293466523
873,SNAP Rosa Linn,711366595
874,Sticky Drake,191448892
875,"Hot Shit (feat. Ye & Lil Durk) Kanye West, Lil Durk, Cardi B",85924992
876,"Ai Preto L7nnon, DJ Biel do Furduncinho, Bianca",176103902
877,"La Loto Anitta, Tini, Becky G",121189256
878,die first Nessa Barrett,131746175
879,Afraid To Feel LF System,244790012
880,"Baile no Morro Mc Vitin Da Igrejinha, MC Tairon, DJ Win",129314708
881,cï¿½ï¿½mo dormi Rels B,331511413
882,"Bad Decisions (with BTS & Snoop Dogg) Snoop Dogg, BTS, Benny Blanco",219196651
883,"STAYING ALIVE (feat. Drake & Lil Baby) Drake, DJ Khaled, Lil Baby",170732845
884,Caile Luar La L,273914335
885,Si Te La Encuentras Por Ahï¿ Feid,179061440
886,GIVENCHY Duki,185236961
887,ALIEN SUPERSTAR Beyoncï¿,171788484
888,Mary On A Cross Ghost,387080183
889,Attention NewJeans,264717480
890,THE SHADE Rex Orange County,244928911
891,"Come Back Home - From ""Purple Hearts"" Sofia Carson",97610446
892,"El Rescate Grupo Marca Registrada, Junior H",287278853
893,Heartless Kanye West,887906111
894,"Stay With Me (with Justin Timberlake, Halsey, & Pharrell) Calvin Harris, Halsey, Pharrell Williams, Justin Timberlake",123473120
895,"Siempre Pendientes Peso Pluma, Luis R Conriquez",295152154
896,"JGL Luis R Conriquez, La Adictiva",323455692
897,"Don't You Worry David Guetta, Shakira, Black Eyed Peas",240918092
898,"Pipoco Melody, Ana Castela, Dj Chris No Beat",191873381
899,"Hold Me Closer Elton John, Britney Spears",284216603
900,Forget Me Lewis Capaldi,239411309
901,After LIKE IVE,265548837
902,Bound 2 Kanye West,703301727
903,"B.O.T.A. (Baddest Of Them All) - Edit Interplanetary Criminal, Eliza Rose",244585109
904,Talk that Talk TWICE,189476119
905,BILLIE EILISH. Armani White,277132266
906,Ferxxo 100 Feid,278920007
907,KU LO SA - A COLORS SHOW Oxlade,222410722
908,Prohibidox Feid,185392587
909,Static Steve Lacy,202452860
910,The Scientist Coldplay,1608164312
911,Sparks Coldplay,624101957
912,Talk YEAT,148461629
913,"XQ Te Pones Asï¿ Yandel, Feid",47093942
914,Selfish PnB Rock,380319238
915,"Sin Seï¿½ï Ovy On The Drums, Quevedo",209106362
916,Lady Mi Amor Feid,53987404
917,Poland Lil Yachty,115331792
918,THE LONELIEST Mï¿½ï¿½ne,225093344
919,"Bye Bye Marshmello, Juice WRLD",84697729
920,"BABY OTAKU Fran C, Polima WestCoast, Nickoog Clk, Pablito Pesadilla",159240673
921,Nxde (G)I-DLE,170709584
922,Miss You Southstar,154356956
923,we fell in love in october girl in red,723043854
924,2 Be Loved (Am I Ready) Lizzo,247689123
925,Celestial Ed Sheeran,176474912
926,Typa Girl BLACKPINK,235549288
927,"I Really Want to Stay at Your House Rosa Walton, Hallie Coggins",140430339
928,California Breeze Lil Baby,85559365
929,"Bamba (feat. Aitch & BIA) Luciano, Aitch, Bï¿½",146223492
930,"Casei Com a Putaria MC Ryan SP, Love Funk, Mc Paiva ZS",187701588
931,"Major Distribution Drake, 21 Savage",154863153
932,"Pussy & Millions (feat. Travis Scott) Drake, Travis Scott, 21 Savage",191333656
933,Vigilante Shit Taylor Swift,253650850
934,Question...? Taylor Swift,223064273
935,"On BS Drake, 21 Savage",170413877
936,Mastermind Taylor Swift,218320587
937,"Circo Loco Drake, 21 Savage",141720999
938,Labyrinth Taylor Swift,187339835
939,"Spin Bout U Drake, 21 Savage",198365537
940,Sweet Nothing Taylor Swift,186104310
941,"Would've, Could've, Should've Taylor Swift",177503916
942,"Con La Brisa Ludwig Goransson, Foudeqush",71095708
943,"Privileged Rappers Drake, 21 Savage",112436403
944,The Astronaut Jin,203436468
945,BackOutsideBoyz Drake,93367537
946,"Broke Boys Drake, 21 Savage",106249219
947,The Great War Taylor Swift,181382590
948,My Mind & Me Selena Gomez,91473363
949,Bigger Than The Whole Sky Taylor Swift,121871870
950,"A Veces (feat. Feid) Feid, Paulo Londra",73513683
951,"En La De Ella Feid, Sech, Jhayco",133895612
952,Alone Burna Boy,96007391
